{
    "p": 100,
    "b": 50,
    "phi": [
        -0.004780761020001824,
        0.12089225743174459,
        0.09486285139034455,
        -0.04924261402221013,
        0.0639167203190065,
        -0.00022828603426220577,
        -0.15414103041306423,
        -0.07923884252910414,
        0.0607502391933305,
        0.009886404022945534,
        0.06943321267516177,
        0.018105709663462456,
        0.04239663658168628,
        0.028202990552374175,
        0.02355019907086691,
        0.008190569430874492,
        -0.14069411760192377,
        -0.03980023444101099,
        0.03108846042505697,
        0.018294838004962656,
        -0.008853053008257745,
        0.013449200276663386,
        -0.03362125020378609,
        -0.055410536929340094,
        -0.06778265435540398,
        -0.06440119425790874,
        0.06286392695818471,
        0.08239261386948596,
        -0.04680645631651913,
        0.06454973311669021,
        0.04798300867723901,
        -0.03534174107284234,
        0.060386741241536646,
        0.0053811130815155876,
        0.058157273519828315,
        -0.03873747773585978,
        0.14311441097154826,
        0.014821320373708926,
        -0.06245727220787035,
        -0.047867994631774165,
        0.06622277608254949,
        -0.018122495522690924,
        -0.12554067762139937,
        -0.03153916382036983,
        -0.10685730103575808,
        -0.0796244214005063,
        0.06573256525313537,
        0.01431406613597703,
        -0.03647357766084647,
        -0.1276558397925796,
        0.0032952814660225324,
        0.004032556836136252,
        -0.0006447433801131892,
        -0.0005422630662930234,
        0.0010427746409955464,
        0.006694948507485847,
        0.0019267603809253232,
        0.010358797268954235,
        -0.005056974184832369,
        -0.0013351498388273907,
        0.005828421331957725,
        -0.002227493365060679,
        0.0020593855852233185,
        -0.006211998698647139,
        0.004245271205265331,
        -0.004140387762638886,
        -0.0005734009136196809,
        -0.0028712135284602825,
        0.00042418792177828773,
        -0.006268578301697419,
        -0.000799823652102949,
        -0.005979396898926696,
        -0.007311035855024606,
        0.002670751654698182,
        -0.0010868007661538716,
        0.0024685993398655256,
        0.003414343765480095,
        -0.010291115896792945,
        -0.002190601700199287,
        0.009391303611524984,
        0.0038818075472255324,
        -0.001143119576126876,
        -0.0008387268122901299,
        9.072109121956066e-05,
        0.00047387264591675326,
        -0.0017431215556504359,
        -0.0057839291784192535,
        -0.004602195989534399,
        -0.0021549201947285127,
        -0.00026750709453376016,
        0.0006791240016082628,
        0.0007505938995988412,
        0.001868983972103915,
        -0.00363793338699628,
        -0.0053940800867182115,
        0.007231006613942441,
        0.002614024902933636,
        -0.004747867940633261,
        -0.00018020902933927737,
        -0.0008993356941082833
    ],
    "eta": [
        [
            0.0025829034333860936,
            -0.0013516729220834237,
            -0.20835573058247994,
            -1.035590826557307e-05,
            -0.003700900494684741,
            0.0024169982770277806,
            -0.00015348580645296644,
            0.00030874101273342886,
            0.13325525768150592
        ],
        [
            -0.003109819317618197,
            -0.028193833881271578,
            0.02913491524957151,
            -0.0005388161471509786,
            -0.0007849072469797006,
            -0.00703569822278052,
            0.001574454929501458,
            -0.0002942926653272297,
            -0.0002873579079479513
        ],
        [
            -0.0019524134090497809,
            -0.020658310757664063,
            -0.21974101793816225,
            0.0014333591062463133,
            -0.0004876483861824474,
            -0.03151155894186452,
            -0.001597463965055666,
            0.0005121470174877798,
            -0.09536758782629902
        ],
        [
            -0.0018067941388443783,
            0.01264446941001112,
            0.10999852489499348,
            -0.0009483748653390191,
            -0.001212242852330849,
            -0.07395450409979572,
            -0.00042144565256706007,
            -0.0003129141621993737,
            -0.11240053774551509
        ],
        [
            -0.0021294992916300664,
            -0.014050073677488681,
            -0.18020151955813368,
            0.00021315590366376,
            0.00012532110943822323,
            0.02272771283346384,
            -0.0004899026906498124,
            -0.0008480172338518395,
            0.04276362152589558
        ],
        [
            0.0038877652876603574,
            1.286055757892132e-05,
            0.09682737135394592,
            -0.0021150471634146717,
            -0.0022677080459182182,
            -0.017540303072946725,
            -0.0011061466240725444,
            -0.001377050808386194,
            -0.1156437075789326
        ],
        [
            0.005985302387804525,
            0.034603865438089874,
            0.20043741191926487,
            -0.00013075019549015036,
            -0.0010289798267594094,
            -0.0014261710059336153,
            0.0013637078687576834,
            -1.3491782655663892e-05,
            -0.008411327201227446
        ],
        [
            0.0019691099930733303,
            0.017580497800262763,
            0.09310965461330045,
            -0.0005844081258468827,
            -0.0020099062173871123,
            -0.0027008164904956072,
            0.0010901815681906653,
            -7.701937659151629e-05,
            0.07320228396884824
        ],
        [
            -0.003374632116211158,
            -0.014061547264288933,
            -0.1394592809428803,
            -0.00022724067954746902,
            -0.00211958406677412,
            -0.042820752806751586,
            0.0008015827606118724,
            0.000361507666376811,
            0.04324913736712297
        ],
        [
            0.001621197258681146,
            -0.0008821174311403222,
            -0.23423636299614378,
            -0.002795107526513302,
            0.0013283690712114732,
            -0.023503732221658635,
            -1.0437507029283539e-07,
            -0.0003124442284569547,
            -0.07722835001153211
        ],
        [
            -0.0012933824529831025,
            -0.014782027894232993,
            -0.41942361689903196,
            0.001512477230848184,
            0.0023709512416119245,
            0.009526620265408155,
            -0.0013110259722793256,
            9.115991807870022e-05,
            -0.10782951257600525
        ],
        [
            0.0038776755337433626,
            -0.003949595213297956,
            -0.21883479790502142,
            -0.00012646466483667875,
            0.0007718477762393959,
            -0.02234487589259706,
            0.001652088587135794,
            0.0020968405913240028,
            0.006331575918015248
        ],
        [
            -0.0003064485670554134,
            -0.009219659760642984,
            -0.07280820901127505,
            0.0001680714866833674,
            -0.0007080115648349241,
            -0.03057985086851467,
            0.001638534162382358,
            -0.0011562641346851055,
            0.18932763942189618
        ],
        [
            -0.0020374484528178634,
            -0.007384770448162037,
            -0.11843219332809703,
            0.0024025237804817644,
            -0.0005820553174848768,
            0.03327738477697718,
            -0.0031294529676438566,
            -0.0016356431194485543,
            -0.029927965552491456
        ],
        [
            -0.001535810230520557,
            -0.005105711911346643,
            -0.015369661531655535,
            -0.0020540502801276853,
            -0.0029823104405025964,
